<?xml version='1.0' standalone='yes' ?>
<LVData xmlns="http://www.ni.com/LVData">
<Version>16.0f2</Version>
<Cluster>
<Name>Settings</Name>
<NumElts>9</NumElts>
<Cluster>
<Name>DAQ Configuration</Name>
<NumElts>8</NumElts>
<Cluster>
<Name>Sound Output</Name>
<NumElts>2</NumElts>
<DAQChannel>
<Name>Physical Channel</Name>
<Val>PXI1Slot5/ao0</Val>
</DAQChannel>
<DBL>
<Name>Sample Rate(#S/sec)</Name>
<Val>200000.00000000000000</Val>
</DBL>
</Cluster>
<Cluster>
<Name>Sound Analog Input</Name>
<NumElts>2</NumElts>
<DAQChannel>
<Name>Physical Channel</Name>
<Val>PXI1Slot5/ai0</Val>
</DAQChannel>
<DBL>
<Name>Sample Rate(#S/sec)</Name>
<Val>200000.00000000000000</Val>
</DBL>
</Cluster>
<DAQChannel>
<Name>Lick Sensor Input</Name>
<Val>PXI1Slot4/port0/line0</Val>
</DAQChannel>
<Cluster>
<Name>Lick Sensor Analog Input</Name>
<NumElts>2</NumElts>
<DAQChannel>
<Name>Physical Channel</Name>
<Val>PXI1Slot4/ai0</Val>
</DAQChannel>
<DBL>
<Name>Sample Rate(#S/sec)</Name>
<Val>30000.00000000000000</Val>
</DBL>
</Cluster>
<Cluster>
<Name>Wheel Encoder</Name>
<NumElts>5</NumElts>
<DAQChannel>
<Name>Physical Channel</Name>
<Val>PXI1Slot4/ctr0</Val>
</DAQChannel>
<DAQChannel>
<Name>A Input Terminal</Name>
<Val>/PXI1Slot4/PFI8</Val>
</DAQChannel>
<DAQChannel>
<Name>B Input Terminal</Name>
<Val>/PXI1Slot4/PFI10</Val>
</DAQChannel>
<DAQChannel>
<Name>Z Index Terminal</Name>
<Val>/PXI1Slot4/PFI9</Val>
</DAQChannel>
<U32>
<Name>Pules per Rev</Name>
<Val>2500</Val>
</U32>
</Cluster>
<Cluster>
<Name>Pump</Name>
<NumElts>3</NumElts>
<Refnum>
<Name>VISA resource name</Name>
<RefKind>VISA</RefKind>
<Val>COM4</Val>
</Refnum>
<DBL>
<Name>Syringe Inside Dia (mm)</Name>
<Val>20.00000000000000</Val>
</DBL>
<DBL>
<Name>Flow Rate (mL/min)</Name>
<Val>3.00000000000000</Val>
</DBL>
</Cluster>
<Refnum>
<Name>Camera Name</Name>
<RefKind>Generic Tag</RefKind>
<RefType>IMAQdx</RefType>
<Val>Cam</Val>
</Refnum>
<Cluster>
<Name>VNS</Name>
<NumElts>1</NumElts>
<DAQChannel>
<Name>Physical Channel</Name>
<Val>Dev2/ao0</Val>
</DAQChannel>
</Cluster>
</Cluster>
<Cluster>
<Name>Calibration Info</Name>
<NumElts>4</NumElts>
<DBL>
<Name>Mic Amp Output Gain(V/Pa)</Name>
<Val>3.16000000000000</Val>
</DBL>
<DBL>
<Name>Cal Amplitude(V)</Name>
<Val>1.00000000000000</Val>
</DBL>
<DBL>
<Name>Cal Level(dB SPL)</Name>
<Val>70.00000000000000</Val>
</DBL>
<Path>
<Name>FIR Coeffs File Path</Name>
<Val>C:\Sound Calibration System\Data\FIR_2P.txt</Val>
</Path>
</Cluster>
<Cluster>
<Name>Logging Configuration</Name>
<NumElts>3</NumElts>
<Path>
<Name>Log File Base Path</Name>
<Val>D:\Experiment Data\Auditory Mapping\NS_Test6.tdms</Val>
</Path>
<Refnum>
<Name>TDMS File Reference</Name>
<RefKind>TDMS File</RefKind>
<Val>0x00000000</Val>
</Refnum>
<Refnum>
<Name>TDMS File Ref_Sound</Name>
<RefKind>TDMS File</RefKind>
<Val>0x00000000</Val>
</Refnum>
</Cluster>
<Cluster>
<Name>Sound Configuration</Name>
<NumElts>3</NumElts>
<Cluster>
<Name>Stimulus Config</Name>
<NumElts>20</NumElts>
<DBL>
<Name>Low Freq (Hz)</Name>
<Val>3000.00000000000000</Val>
</DBL>
<DBL>
<Name>Hi Freq (Hz)</Name>
<Val>95999.99999999999990</Val>
</DBL>
<I32>
<Name>Freq Num/Octave</Name>
<Val>2</Val>
</I32>
<DBL>
<Name>Time Bin Width (ms)</Name>
<Val>20.00000000000000</Val>
</DBL>
<I32>
<Name>Tone Num/Chord</Name>
<Val>5</Val>
</I32>
<DBL>
<Name>Start Intensity (dB)</Name>
<Val>50.00000000000000</Val>
</DBL>
<DBL>
<Name>End Intensity (dB)</Name>
<Val>80.00000000000000</Val>
</DBL>
<DBL>
<Name>Step Intensity (dB)</Name>
<Val>10.00000000000000</Val>
</DBL>
<DBL>
<Name>Tone Latency (s)</Name>
<Val>0.50000000000000</Val>
</DBL>
<DBL>
<Name>Inter-Stim Interval (s)</Name>
<Val>5.00000000000000</Val>
</DBL>
<DBL>
<Name>Delta Freq (Hz)</Name>
<Val>2000.00000000000000</Val>
</DBL>
<DBL>
<Name>Test Tone Latency (s)</Name>
<Val>3.00000000000000E-3</Val>
</DBL>
<DBL>
<Name>Tone Interval (s)</Name>
<Val>6.00000000000000E-3</Val>
</DBL>
<DBL>
<Name>SAM Mod Freq (Hz)</Name>
<Val>10.00000000000000</Val>
</DBL>
<DBL>
<Name>SAM Mod  Depth (%)</Name>
<Val>100.00000000000000</Val>
</DBL>
<EW>
<Name>Log sFM Stimuli Category</Name>
<Choice>Imaging</Choice>
<Choice>Patch Clamp</Choice>
<Val>1</Val>
</EW>
<Path>
<Name>Stitched path</Name>
<Val>Z:\Auditory_stimulus\Aggregated sound files\5_Stitched\5b_Sorted_HPF</Val>
</Path>
<Path>
<Name>Oracle path</Name>
<Val>Z:\Auditory_stimulus\Aggregated sound files\6_Oracle\6a_Sorted_High_Passed</Val>
</Path>
<I32>
<Name>Block Num Before Oracle Block</Name>
<Val>4</Val>
</I32>
<DBL>
<Name>Multiply Factor</Name>
<Val>40.00000000000000</Val>
</DBL>
</Cluster>
<Cluster>
<Name>Target Sound Config</Name>
<NumElts>6</NumElts>
<DBL>
<Name>Target Low (Hz)</Name>
<Val>2000.00000000000000</Val>
</DBL>
<DBL>
<Name>Target Hi (Hz)</Name>
<Val>32000.00000000000000</Val>
</DBL>
<DBL>
<Name>Target Duration(sec)</Name>
<Val>3.00000000000000</Val>
</DBL>
<DBL>
<Name>Avg Start (sec)</Name>
<Val>5.00000000000000</Val>
</DBL>
<EW>
<Name>Target Type</Name>
<Choice>ST</Choice>
<Choice>BLTC</Choice>
<Choice>BLST</Choice>
<Choice>BLRP</Choice>
<Choice>BLRT</Choice>
<Val>3</Val>
</EW>
<EW>
<Name>BLRT Shift</Name>
<Choice>0</Choice>
<Choice>1</Choice>
<Choice>2</Choice>
<Val>0</Val>
</EW>
</Cluster>
<Cluster>
<Name>Run Config</Name>
<NumElts>13</NumElts>
<U16>
<Name>Trial Duration Max (sec)</Name>
<Val>14</Val>
</U16>
<Boolean>
<Name>Catch Trial?</Name>
<Val>1</Val>
</Boolean>
<U16>
<Name>Session Time(min)</Name>
<Val>102</Val>
</U16>
<DBL>
<Name>Noise Level (dB SPL)</Name>
<Val>50.00000000000000</Val>
</DBL>
<U16>
<Name>False Alarm Timeout (sec)</Name>
<Val>14</Val>
</U16>
<Boolean>
<Name>Noise for Interval?</Name>
<Val>0</Val>
</Boolean>
<DBL>
<Name>Target Level Hi (dBorDP)</Name>
<Val>70.00000000000000</Val>
</DBL>
<DBL>
<Name>Step (dBorDP)</Name>
<Val>4.00000000000000</Val>
</DBL>
<EW>
<Name>Block Type</Name>
<Choice>Reward</Choice>
<Choice>Difficulty</Choice>
<Choice>SimpleTask</Choice>
<Choice>Combined</Choice>
<Val>0</Val>
</EW>
<EW>
<Name>Tone Type</Name>
<Choice>Pure Tones</Choice>
<Choice>Double Tones</Choice>
<Choice>SAM</Choice>
<Choice>Log sFM</Choice>
<Choice>Nature Sound</Choice>
<Val>4</Val>
</EW>
<I32>
<Name>Round Num</Name>
<Val>1</Val>
</I32>
<DBL>
<Name>Silent Time (sec)</Name>
<Val>2.00000000000000</Val>
</DBL>
<DBL>
<Name>Silent Time b/w Rounds(sec)</Name>
<Val>0.00000000000000</Val>
</DBL>
</Cluster>
</Cluster>
<Path>
<Name>AVI File Path</Name>
<Val>D:\Experiment Data\Test Camera.avi</Val>
</Path>
<String>
<Name>Chamber ID</Name>
<Val>1</Val>
</String>
<Path>
<Name>Log File Path</Name>
<Val>D:\Experiment Data\Auditory Mapping\NS_Test6.tdms</Val>
</Path>
<String>
<Name>Software Version</Name>
<Val>1.0</Val>
</String>
<Cluster>
<Name>VNS Config</Name>
<NumElts>4</NumElts>
<Boolean>
<Name>VNS On?</Name>
<Val>0</Val>
</Boolean>
<DBL>
<Name>Amplitude(mA)</Name>
<Val>0.10000000000000</Val>
</DBL>
<DBL>
<Name>Pulse Width(ms)</Name>
<Val>0.10000000000000</Val>
</DBL>
<DBL>
<Name>Frequency(Hz)</Name>
<Val>5.00000000000000</Val>
</DBL>
</Cluster>
</Cluster>
</LVData>